filename,width,height,class,xmin,ymin,xmax,ymax
P9_G8_3.png,1280,960,rockNroll,497,365,661,563
P11_G1_3.png,1280,960,fist,633,398,773,559
P2_G7_8.png,1280,960,horn,579,384,795,604
P9_G8_4.png,1280,960,rockNroll,606,320,773,538
P5_G5_1.png,1280,960,two,654,333,845,599
P5_G2_8.png,1280,960,one,646,301,775,548
P14_G1_3.png,1280,960,fist,548,420,692,587
P2_G3_2.png,1280,960,pinky,664,384,814,600
P13_G6_5.png,1280,960,three,390,349,549,592
P9_G6_3.png,1280,960,three,585,361,720,579
P1_G2_8.png,1280,960,one,553,386,707,581
P14_G3_5.png,1280,960,pinky,482,304,651,532
P1_G9_4.png,1280,960,five,563,248,808,508
P5_G7_5.png,1280,960,horn,619,280,814,462
P13_G2_2.png,1280,960,one,472,385,640,593
P11_G8_5.png,1280,960,rockNroll,577,357,767,587
P9_G5_1.png,1280,960,two,537,473,660,688
P7_G5_4.png,1280,960,two,662,352,776,568
P6_G10_6.png,1280,960,ok,430,338,611,539
P11_G4_4.png,1280,960,loser,532,348,737,584
P14_G3_2.png,1280,960,pinky,619,330,815,540
P10_G9_5.png,1280,960,five,393,318,633,602
P4_G3_6.png,1280,960,pinky,484,251,652,465
P11_G7_1.png,1280,960,horn,570,355,753,542
P8_G8_1.png,1280,960,rockNroll,634,307,853,547
P11_G4_1.png,1280,960,loser,494,335,710,582
P13_G6_1.png,1280,960,three,368,345,538,554
P6_G8_2.png,1280,960,rockNroll,508,396,758,589
P7_G10_8.png,1280,960,ok,483,380,691,601
P10_G9_6.png,1280,960,five,721,359,961,665
P4_G8_4.png,1280,960,rockNroll,601,357,805,579
P11_G3_8.png,1280,960,pinky,422,352,584,550
P14_G5_6.png,1280,960,two,629,438,763,656
P10_G4_3.png,1280,960,loser,541,386,793,631
P12_G3_3.png,1280,960,pinky,506,407,657,577
P2_G3_8.png,1280,960,pinky,530,412,690,630
P3_G1_5.png,1280,960,fist,623,357,784,528
P11_G4_6.png,1280,960,loser,539,306,744,553
P11_G3_2.png,1280,960,pinky,570,351,725,549
P2_G4_8.png,1280,960,loser,559,371,796,645
P5_G10_7.png,1280,960,ok,644,316,833,584
P11_G3_1.png,1280,960,pinky,424,360,583,556
P1_G4_4.png,1280,960,loser,655,260,927,516
P10_G3_7.png,1280,960,pinky,322,424,477,626
P13_G8_7.png,1280,960,rockNroll,653,292,861,489
P5_G5_8.png,1280,960,two,628,360,756,608
P12_G10_8.png,1280,960,ok,545,321,728,555
P2_G5_8.png,1280,960,two,603,459,755,712
P10_G6_1.png,1280,960,three,549,265,711,514
P8_G1_7.png,1280,960,fist,686,516,838,671
P12_G5_5.png,1280,960,two,646,354,781,592
P14_G2_5.png,1280,960,one,446,242,592,499
P10_G1_4.png,1280,960,fist,645,392,840,573
P1_G5_5.png,1280,960,two,607,315,751,556
P9_G5_3.png,1280,960,two,515,291,671,537
P1_G1_8.png,1280,960,fist,717,267,884,424
P1_G8_7.png,1280,960,rockNroll,533,293,758,520
P13_G8_5.png,1280,960,rockNroll,531,477,727,662
P13_G3_2.png,1280,960,pinky,566,335,732,492
P11_G4_2.png,1280,960,loser,543,344,749,586
P5_G9_2.png,1280,960,five,687,309,959,570
P6_G5_3.png,1280,960,two,569,269,706,499
P4_G7_4.png,1280,960,horn,688,385,931,572
P3_G8_1.png,1280,960,rockNroll,686,411,945,608
P7_G10_2.png,1280,960,ok,519,335,709,567
P9_G1_3.png,1280,960,fist,422,264,605,422
P13_G7_7.png,1280,960,horn,410,467,635,591
P2_G9_8.png,1280,960,five,614,452,859,668
P13_G10_7.png,1280,960,ok,411,370,565,589
P9_G3_5.png,1280,960,pinky,598,211,754,423
P12_G6_5.png,1280,960,three,632,367,769,621
P8_G10_6.png,1280,960,ok,664,365,839,611
P4_G6_5.png,1280,960,three,765,366,893,592
P9_G3_3.png,1280,960,pinky,547,274,714,490
P11_G10_4.png,1280,960,ok,551,338,713,579
P8_G8_8.png,1280,960,rockNroll,502,368,704,606
P1_G1_5.png,1280,960,fist,647,241,847,412
P12_G9_8.png,1280,960,five,646,432,911,656
P8_G10_3.png,1280,960,ok,531,476,720,698
P4_G10_1.png,1280,960,ok,790,440,965,664
P10_G8_5.png,1280,960,rockNroll,505,366,727,625
P3_G10_1.png,1280,960,ok,745,387,928,626
P14_G1_8.png,1280,960,fist,464,362,607,524
P6_G4_5.png,1280,960,loser,653,382,855,598
P14_G4_4.png,1280,960,loser,491,299,752,575
P6_G10_2.png,1280,960,ok,632,219,782,452
P5_G7_1.png,1280,960,horn,626,344,848,508
P10_G3_1.png,1280,960,pinky,384,424,542,647
P6_G7_5.png,1280,960,horn,630,488,905,632
P8_G3_2.png,1280,960,pinky,554,507,674,699
P1_G3_1.png,1280,960,pinky,526,343,698,533
P3_G4_6.png,1280,960,loser,638,376,841,619
P6_G2_4.png,1280,960,one,587,305,719,536
P13_G6_6.png,1280,960,three,579,459,695,661
P7_G4_4.png,1280,960,loser,661,379,880,611
P9_G4_7.png,1280,960,loser,744,427,935,651
P4_G9_1.png,1280,960,five,514,307,767,540
P6_G4_7.png,1280,960,loser,674,488,880,670
P12_G4_3.png,1280,960,loser,515,328,754,577
P12_G1_1.png,1280,960,fist,542,313,728,475
P2_G8_6.png,1280,960,rockNroll,520,392,752,635
P8_G9_1.png,1280,960,five,531,472,770,724
P13_G8_8.png,1280,960,rockNroll,597,130,804,339
P1_G5_8.png,1280,960,two,623,312,763,559
P1_G1_3.png,1280,960,fist,639,264,801,404
P11_G2_8.png,1280,960,one,503,363,642,575
P2_G1_7.png,1280,960,fist,622,443,800,585
P8_G2_4.png,1280,960,one,664,461,800,702
P2_G2_6.png,1280,960,one,627,355,759,591
P8_G8_4.png,1280,960,rockNroll,651,347,844,570
P2_G6_5.png,1280,960,three,578,437,719,690
P8_G7_6.png,1280,960,horn,641,498,863,657
P2_G9_3.png,1280,960,five,539,409,806,662
P14_G10_1.png,1280,960,ok,503,370,661,620
P1_G9_1.png,1280,960,five,606,251,857,521
P14_G8_6.png,1280,960,rockNroll,563,428,755,609
P14_G3_6.png,1280,960,pinky,586,386,774,590
P5_G6_7.png,1280,960,three,706,342,842,568
P11_G10_2.png,1280,960,ok,429,322,596,565
P14_G9_6.png,1280,960,five,544,388,801,620
P6_G9_3.png,1280,960,five,580,311,820,560
P12_G8_1.png,1280,960,rockNroll,428,368,641,565
P3_G4_8.png,1280,960,loser,510,352,719,566
P4_G5_5.png,1280,960,two,786,373,898,607
P10_G1_7.png,1280,960,fist,605,528,794,692
P9_G1_6.png,1280,960,fist,560,349,746,505
P10_G10_6.png,1280,960,ok,476,423,672,661
P6_G10_1.png,1280,960,ok,651,350,797,571
P7_G1_2.png,1280,960,fist,561,386,712,552
P6_G9_1.png,1280,960,five,669,318,918,565
P7_G5_1.png,1280,960,two,642,349,761,570
P4_G4_4.png,1280,960,loser,613,287,803,508
P4_G2_4.png,1280,960,one,666,251,817,501
P13_G7_1.png,1280,960,horn,566,468,779,603
P9_G4_3.png,1280,960,loser,639,351,834,581
P10_G4_2.png,1280,960,loser,601,393,841,666
P11_G6_6.png,1280,960,three,350,318,558,567
P10_G8_1.png,1280,960,rockNroll,452,280,664,532
P10_G3_4.png,1280,960,pinky,670,485,821,701
P11_G4_3.png,1280,960,loser,485,336,701,584
P12_G10_4.png,1280,960,ok,563,282,738,517
P13_G3_4.png,1280,960,pinky,505,488,663,650
P11_G5_2.png,1280,960,two,519,355,678,584
P13_G9_5.png,1280,960,five,464,321,710,548
P12_G7_1.png,1280,960,horn,525,488,727,644
P14_G4_8.png,1280,960,loser,564,369,814,627
P11_G3_5.png,1280,960,pinky,516,367,684,559
P5_G1_6.png,1280,960,fist,636,353,762,509
P8_G4_6.png,1280,960,loser,621,276,857,524
P13_G1_1.png,1280,960,fist,496,480,676,625
P7_G2_3.png,1280,960,one,627,405,762,626
P10_G4_5.png,1280,960,loser,424,389,666,629
P7_G1_4.png,1280,960,fist,619,394,770,559
P9_G5_2.png,1280,960,two,612,251,750,506
P11_G4_5.png,1280,960,loser,608,337,805,574
P8_G3_8.png,1280,960,pinky,641,530,772,713
P8_G3_5.png,1280,960,pinky,596,480,713,673
P1_G2_3.png,1280,960,one,627,371,773,571
P9_G9_3.png,1280,960,five,452,213,690,488
P10_G9_1.png,1280,960,five,366,212,587,497
P1_G9_5.png,1280,960,five,606,240,852,493
P6_G8_1.png,1280,960,rockNroll,586,464,836,639
P4_G6_3.png,1280,960,three,614,407,749,630
P2_G3_1.png,1280,960,pinky,674,382,844,597
P6_G5_1.png,1280,960,two,644,267,773,494
P9_G2_6.png,1280,960,one,700,337,823,584
P9_G7_1.png,1280,960,horn,504,274,684,460
P4_G3_2.png,1280,960,pinky,696,335,849,534
P3_G5_2.png,1280,960,two,621,230,743,508
P7_G10_1.png,1280,960,ok,646,391,831,607
P9_G10_7.png,1280,960,ok,422,340,623,556
P11_G6_2.png,1280,960,three,570,346,742,605
P4_G9_2.png,1280,960,five,705,354,955,598
P8_G1_3.png,1280,960,fist,625,533,774,684
P4_G5_2.png,1280,960,two,823,395,943,622
P3_G9_7.png,1280,960,five,471,382,684,623
P2_G1_5.png,1280,960,fist,615,452,784,592
P13_G2_8.png,1280,960,one,607,280,726,498
P2_G8_1.png,1280,960,rockNroll,562,388,842,621
P13_G4_1.png,1280,960,loser,733,341,913,533
P8_G9_6.png,1280,960,five,657,383,893,643
P11_G7_6.png,1280,960,horn,609,353,804,524
P7_G2_2.png,1280,960,one,703,375,832,613
P4_G1_1.png,1280,960,fist,598,110,791,303
P8_G7_2.png,1280,960,horn,653,477,890,628
P5_G4_2.png,1280,960,loser,641,317,867,553
P3_G9_4.png,1280,960,five,498,368,767,629
P5_G7_2.png,1280,960,horn,673,304,873,478
P9_G2_4.png,1280,960,one,567,163,693,406
P11_G2_1.png,1280,960,one,565,379,698,581
P1_G8_6.png,1280,960,rockNroll,529,293,738,520
P8_G5_8.png,1280,960,two,586,505,732,749
P9_G10_2.png,1280,960,ok,397,194,591,466
P2_G5_1.png,1280,960,two,639,445,779,702
P6_G3_1.png,1280,960,pinky,688,510,816,649
P12_G9_3.png,1280,960,five,586,325,850,558
P2_G8_7.png,1280,960,rockNroll,547,391,766,644
P1_G8_2.png,1280,960,rockNroll,523,248,744,469
P3_G3_7.png,1280,960,pinky,673,487,837,636
P4_G7_1.png,1280,960,horn,565,406,825,578
P12_G1_4.png,1280,960,fist,601,404,779,562
P9_G10_4.png,1280,960,ok,588,272,751,516
P7_G7_7.png,1280,960,horn,512,382,763,524
P8_G2_2.png,1280,960,one,604,480,746,717
P4_G7_7.png,1280,960,horn,499,360,764,552
P14_G2_1.png,1280,960,one,658,235,816,528
P12_G4_7.png,1280,960,loser,588,364,809,584
P10_G4_4.png,1280,960,loser,506,396,754,653
P2_G3_5.png,1280,960,pinky,635,378,769,591
P12_G3_1.png,1280,960,pinky,571,424,734,582
P2_G8_4.png,1280,960,rockNroll,538,366,798,626
P4_G10_2.png,1280,960,ok,711,327,893,582
P14_G4_2.png,1280,960,loser,561,362,820,638
P4_G1_8.png,1280,960,fist,674,234,848,396
P9_G6_4.png,1280,960,three,579,285,723,525
P14_G9_2.png,1280,960,five,495,449,754,684
P8_G8_7.png,1280,960,rockNroll,516,487,724,713
P10_G10_1.png,1280,960,ok,717,371,873,623
P13_G8_4.png,1280,960,rockNroll,461,376,633,567
P2_G7_2.png,1280,960,horn,562,380,795,593
P8_G3_6.png,1280,960,pinky,572,495,697,670
P10_G2_4.png,1280,960,one,572,351,728,618
P13_G3_8.png,1280,960,pinky,517,443,723,577
P9_G7_5.png,1280,960,horn,572,492,760,636
P5_G2_7.png,1280,960,one,625,339,764,561
P9_G9_8.png,1280,960,five,626,329,877,582
P11_G9_6.png,1280,960,five,564,330,822,560
P8_G6_5.png,1280,960,three,669,414,819,666
P5_G7_6.png,1280,960,horn,588,297,798,481
P6_G6_6.png,1280,960,three,582,376,742,590
P6_G1_4.png,1280,960,fist,609,374,766,503
P10_G1_1.png,1280,960,fist,697,412,871,578
P11_G2_3.png,1280,960,one,582,322,707,551
P11_G2_4.png,1280,960,one,561,432,694,674
P13_G1_3.png,1280,960,fist,595,570,768,716
P5_G9_6.png,1280,960,five,533,271,762,524
P5_G6_6.png,1280,960,three,745,331,952,561
P2_G2_5.png,1280,960,one,648,365,797,607
P12_G10_3.png,1280,960,ok,648,388,830,624
P3_G9_2.png,1280,960,five,512,212,794,494
P11_G7_7.png,1280,960,horn,474,323,657,490
P6_G7_2.png,1280,960,horn,584,428,842,566
P6_G9_8.png,1280,960,five,706,322,962,562
P5_G8_4.png,1280,960,rockNroll,586,383,795,579
P2_G6_3.png,1280,960,three,604,431,779,693
P10_G10_3.png,1280,960,ok,625,255,802,510
P7_G9_7.png,1280,960,five,477,308,723,552
P5_G3_3.png,1280,960,pinky,599,324,754,535
P7_G8_7.png,1280,960,rockNroll,544,288,767,487
P13_G4_3.png,1280,960,loser,573,162,752,412
P4_G1_3.png,1280,960,fist,757,170,947,378
P8_G2_7.png,1280,960,one,698,540,839,751
P5_G2_3.png,1280,960,one,661,312,781,558
P2_G8_8.png,1280,960,rockNroll,559,386,818,639
P1_G10_4.png,1280,960,ok,581,223,752,483
P10_G9_2.png,1280,960,five,506,253,753,556
P7_G5_8.png,1280,960,two,554,352,698,574
P13_G6_8.png,1280,960,three,484,259,625,506
P4_G6_4.png,1280,960,three,624,341,745,576
P12_G7_4.png,1280,960,horn,587,413,814,603
P12_G4_6.png,1280,960,loser,595,369,805,593
P4_G8_3.png,1280,960,rockNroll,613,431,849,629
P2_G9_6.png,1280,960,five,583,382,855,654
P2_G10_3.png,1280,960,ok,555,399,740,663
P11_G8_2.png,1280,960,rockNroll,497,334,690,566
P11_G8_8.png,1280,960,rockNroll,528,365,716,586
P13_G2_6.png,1280,960,one,484,158,634,429
P12_G5_6.png,1280,960,two,668,418,798,634
P4_G10_7.png,1280,960,ok,603,343,777,576
P12_G1_5.png,1280,960,fist,571,389,750,540
P11_G8_4.png,1280,960,rockNroll,578,376,766,601
P5_G8_3.png,1280,960,rockNroll,617,417,833,592
P13_G2_5.png,1280,960,one,379,461,584,647
P11_G5_1.png,1280,960,two,544,247,692,502
P11_G9_5.png,1280,960,five,664,356,922,595
P1_G7_3.png,1280,960,horn,508,268,704,438
P5_G8_6.png,1280,960,rockNroll,629,377,851,560
P2_G4_6.png,1280,960,loser,575,395,800,653
P11_G4_8.png,1280,960,loser,550,346,761,594
P1_G5_7.png,1280,960,two,609,302,747,543
P8_G6_8.png,1280,960,three,590,556,744,782
P5_G10_1.png,1280,960,ok,697,325,860,582
P6_G1_3.png,1280,960,fist,625,447,795,596
P4_G10_4.png,1280,960,ok,616,340,788,582
P11_G1_8.png,1280,960,fist,453,468,606,639
P4_G10_5.png,1280,960,ok,701,350,872,596
P14_G9_1.png,1280,960,five,448,387,701,644
P9_G1_2.png,1280,960,fist,557,202,730,365
P13_G9_1.png,1280,960,five,512,1,783,247
P4_G1_4.png,1280,960,fist,583,261,780,435
P7_G6_3.png,1280,960,three,578,385,732,601
P10_G3_6.png,1280,960,pinky,669,320,811,543
P7_G7_1.png,1280,960,horn,541,385,789,523
P10_G10_2.png,1280,960,ok,481,459,671,698
P12_G8_3.png,1280,960,rockNroll,486,311,686,521
P12_G5_7.png,1280,960,two,643,425,772,612
P14_G9_8.png,1280,960,five,540,393,806,648
P14_G5_2.png,1280,960,two,594,288,739,566
P8_G8_6.png,1280,960,rockNroll,582,451,780,676
P5_G2_6.png,1280,960,one,623,368,775,572
P14_G5_4.png,1280,960,two,626,256,771,542
P7_G1_3.png,1280,960,fist,657,398,821,569
P14_G5_7.png,1280,960,two,711,395,861,611
P3_G2_2.png,1280,960,one,550,308,691,562
P7_G3_5.png,1280,960,pinky,577,480,733,634
P1_G4_3.png,1280,960,loser,674,358,912,598
P2_G1_4.png,1280,960,fist,560,440,732,586
P3_G9_8.png,1280,960,five,578,363,833,616
P1_G9_2.png,1280,960,five,594,314,832,560
P2_G5_7.png,1280,960,two,655,465,798,719
P2_G6_6.png,1280,960,three,550,398,682,663
P6_G2_3.png,1280,960,one,719,376,853,598
P3_G5_6.png,1280,960,two,636,384,768,645
P3_G6_8.png,1280,960,three,509,450,679,685
P9_G4_8.png,1280,960,loser,751,283,941,527
P1_G7_8.png,1280,960,horn,474,277,677,442
P3_G10_5.png,1280,960,ok,722,351,903,600
P8_G9_5.png,1280,960,five,513,354,732,608
P1_G6_4.png,1280,960,three,606,297,757,557
P2_G10_7.png,1280,960,ok,584,400,770,669
P3_G2_4.png,1280,960,one,660,326,791,585
P3_G10_7.png,1280,960,ok,514,371,695,588
P4_G7_6.png,1280,960,horn,612,536,840,688
P14_G5_5.png,1280,960,two,653,275,815,555
P10_G9_7.png,1280,960,five,597,252,846,541
P13_G5_5.png,1280,960,two,717,460,882,694
P7_G1_1.png,1280,960,fist,491,408,666,561
P6_G9_4.png,1280,960,five,596,385,825,591
P3_G8_6.png,1280,960,rockNroll,458,404,673,601
P12_G4_5.png,1280,960,loser,540,391,772,609
P11_G1_1.png,1280,960,fist,526,351,680,519
P4_G9_5.png,1280,960,five,605,441,863,665
P10_G8_3.png,1280,960,rockNroll,675,319,888,572
P9_G10_8.png,1280,960,ok,448,246,659,485
P6_G1_6.png,1280,960,fist,553,483,725,631
P11_G10_7.png,1280,960,ok,456,336,621,582
P12_G4_1.png,1280,960,loser,553,369,776,592
P10_G2_2.png,1280,960,one,586,326,729,577
P8_G9_2.png,1280,960,five,511,474,736,731
P10_G10_8.png,1280,960,ok,559,474,707,702
P1_G10_5.png,1280,960,ok,548,228,740,494
P5_G8_7.png,1280,960,rockNroll,658,324,879,532
P2_G2_8.png,1280,960,one,604,399,741,626
P9_G2_5.png,1280,960,one,488,189,629,453
P4_G10_6.png,1280,960,ok,618,338,789,580
P7_G3_1.png,1280,960,pinky,581,498,756,653
P8_G3_1.png,1280,960,pinky,625,584,768,779
P2_G3_3.png,1280,960,pinky,655,395,793,610
P11_G3_3.png,1280,960,pinky,492,369,653,573
P14_G4_3.png,1280,960,loser,458,292,719,567
P4_G4_7.png,1280,960,loser,522,422,724,618
P13_G8_2.png,1280,960,rockNroll,415,403,613,601
P14_G10_8.png,1280,960,ok,610,390,789,635
P7_G4_2.png,1280,960,loser,507,363,732,597
P2_G4_4.png,1280,960,loser,573,351,801,608
P3_G2_5.png,1280,960,one,727,306,865,562
P7_G1_6.png,1280,960,fist,469,414,645,565
P1_G6_2.png,1280,960,three,577,313,748,570
P11_G8_7.png,1280,960,rockNroll,614,380,800,599
P4_G3_7.png,1280,960,pinky,498,400,659,573
P4_G2_8.png,1280,960,one,848,197,1020,463
P11_G7_3.png,1280,960,horn,577,338,759,508
P1_G10_3.png,1280,960,ok,581,268,763,527
P7_G7_3.png,1280,960,horn,578,406,836,563
P1_G6_3.png,1280,960,three,573,324,763,581
P2_G9_4.png,1280,960,five,537,392,812,652
P12_G2_1.png,1280,960,one,659,328,824,539
P10_G9_8.png,1280,960,five,419,264,659,555
P6_G9_7.png,1280,960,five,688,387,940,607
P14_G8_2.png,1280,960,rockNroll,547,397,745,590
P7_G8_2.png,1280,960,rockNroll,593,318,852,531
P3_G1_4.png,1280,960,fist,620,494,794,646
P5_G8_8.png,1280,960,rockNroll,664,390,870,599
P1_G3_2.png,1280,960,pinky,599,290,781,445
P12_G4_8.png,1280,960,loser,616,370,832,589
P3_G7_1.png,1280,960,horn,584,371,788,538
P2_G6_4.png,1280,960,three,654,418,787,670
P4_G2_3.png,1280,960,one,563,204,713,448
P11_G1_4.png,1280,960,fist,542,297,684,449
P14_G6_8.png,1280,960,three,552,500,724,734
P11_G5_8.png,1280,960,two,457,305,623,551
P13_G7_4.png,1280,960,horn,517,451,711,601
P12_G1_2.png,1280,960,fist,600,412,773,559
P4_G9_7.png,1280,960,five,552,508,772,685
P1_G6_7.png,1280,960,three,598,288,776,571
P7_G9_2.png,1280,960,five,602,363,853,596
P1_G9_7.png,1280,960,five,571,263,787,504
P2_G3_6.png,1280,960,pinky,577,405,736,636
P11_G10_1.png,1280,960,ok,537,297,695,533
P10_G5_7.png,1280,960,two,666,484,795,718
P8_G7_1.png,1280,960,horn,535,414,747,576
P1_G2_1.png,1280,960,one,604,343,751,554
P11_G8_6.png,1280,960,rockNroll,644,375,830,597
P7_G8_8.png,1280,960,rockNroll,518,320,741,518
P10_G1_5.png,1280,960,fist,429,371,622,535
P5_G6_2.png,1280,960,three,625,293,794,562
P2_G9_2.png,1280,960,five,491,428,757,679
P8_G5_5.png,1280,960,two,555,413,717,678
P8_G1_5.png,1280,960,fist,666,536,799,702
P3_G2_1.png,1280,960,one,653,330,786,576
P13_G2_3.png,1280,960,one,490,600,639,758
P5_G9_4.png,1280,960,five,650,303,908,559
P3_G8_8.png,1280,960,rockNroll,553,487,775,675
P11_G10_5.png,1280,960,ok,510,270,668,515
P5_G6_1.png,1280,960,three,670,337,834,566
P6_G5_5.png,1280,960,two,760,341,873,568
P11_G6_7.png,1280,960,three,468,334,634,571
P13_G4_5.png,1280,960,loser,545,450,694,615
P3_G3_6.png,1280,960,pinky,709,437,892,583
P1_G10_7.png,1280,960,ok,568,265,736,511
P7_G10_5.png,1280,960,ok,459,341,649,580
P6_G3_8.png,1280,960,pinky,624,458,756,633
P11_G8_3.png,1280,960,rockNroll,597,217,776,446
P10_G6_5.png,1280,960,three,514,414,688,674
P1_G2_4.png,1280,960,one,586,329,748,564
P3_G5_1.png,1280,960,two,665,279,820,551
P1_G5_2.png,1280,960,two,606,308,747,549
P5_G6_4.png,1280,960,three,642,343,783,592
P7_G6_1.png,1280,960,three,647,373,801,589
P6_G10_3.png,1280,960,ok,633,404,786,580
P12_G8_4.png,1280,960,rockNroll,528,302,753,535
P14_G9_3.png,1280,960,five,460,386,739,651
P4_G1_2.png,1280,960,fist,540,248,737,424
P4_G6_6.png,1280,960,three,756,262,903,524
P3_G5_5.png,1280,960,two,548,302,724,558
P1_G9_3.png,1280,960,five,542,254,791,521
P6_G3_4.png,1280,960,pinky,642,381,768,560
P11_G8_1.png,1280,960,rockNroll,546,306,731,528
P3_G5_7.png,1280,960,two,590,431,709,669
P4_G8_1.png,1280,960,rockNroll,567,342,805,580
P6_G4_4.png,1280,960,loser,597,372,799,595
P3_G9_3.png,1280,960,five,709,360,993,624
P2_G2_7.png,1280,960,one,587,395,728,628
P6_G2_8.png,1280,960,one,739,243,873,487
P9_G5_7.png,1280,960,two,686,459,810,666
P7_G6_7.png,1280,960,three,665,358,819,579
P9_G4_1.png,1280,960,loser,645,230,835,468
P4_G9_3.png,1280,960,five,600,295,868,541
P2_G6_1.png,1280,960,three,594,402,758,667
P12_G6_4.png,1280,960,three,576,374,712,636
P4_G3_1.png,1280,960,pinky,651,592,802,743
P9_G2_3.png,1280,960,one,524,341,672,559
P2_G7_4.png,1280,960,horn,558,344,778,557
P4_G7_5.png,1280,960,horn,727,335,988,526
P14_G6_1.png,1280,960,three,529,531,691,763
P7_G6_5.png,1280,960,three,605,376,763,609
P8_G1_4.png,1280,960,fist,647,504,783,673
P13_G7_8.png,1280,960,horn,497,463,712,591
P13_G6_3.png,1280,960,three,448,275,593,520
P5_G1_1.png,1280,960,fist,655,361,798,487
P14_G1_5.png,1280,960,fist,422,370,579,537
P10_G7_2.png,1280,960,horn,592,386,840,572
P2_G6_7.png,1280,960,three,580,423,744,678
P14_G7_1.png,1280,960,horn,557,414,747,576
P10_G3_2.png,1280,960,pinky,396,395,542,630
P12_G9_4.png,1280,960,five,535,340,816,621
P8_G4_1.png,1280,960,loser,623,349,859,596
P3_G10_8.png,1280,960,ok,643,356,816,582
P9_G8_5.png,1280,960,rockNroll,561,297,740,524
P10_G6_7.png,1280,960,three,545,415,698,663
P12_G8_5.png,1280,960,rockNroll,528,343,762,561
P12_G7_6.png,1280,960,horn,681,409,920,604
P6_G7_4.png,1280,960,horn,553,530,829,677
P1_G7_6.png,1280,960,horn,517,257,731,429
P1_G1_7.png,1280,960,fist,697,254,869,398
P8_G1_2.png,1280,960,fist,606,519,743,691
P3_G8_5.png,1280,960,rockNroll,661,335,927,554
P13_G6_7.png,1280,960,three,548,403,679,611
P6_G2_6.png,1280,960,one,486,369,643,585
P7_G7_6.png,1280,960,horn,543,414,798,556
P9_G5_5.png,1280,960,two,495,240,658,485
P3_G9_6.png,1280,960,five,463,392,691,634
P8_G6_6.png,1280,960,three,625,512,774,752
P2_G10_5.png,1280,960,ok,583,401,772,668
P1_G1_4.png,1280,960,fist,705,220,885,380
P12_G10_5.png,1280,960,ok,546,320,735,566
P10_G1_2.png,1280,960,fist,808,338,996,505
P12_G2_6.png,1280,960,one,573,301,731,537
P4_G10_3.png,1280,960,ok,696,463,875,687
P6_G6_1.png,1280,960,three,685,407,813,607
P7_G4_6.png,1280,960,loser,543,379,769,603
P13_G5_3.png,1280,960,two,621,458,726,623
P4_G3_4.png,1280,960,pinky,568,361,709,536
P7_G2_5.png,1280,960,one,664,340,790,591
P14_G7_8.png,1280,960,horn,512,421,700,569
P3_G2_6.png,1280,960,one,675,299,797,540
P14_G8_8.png,1280,960,rockNroll,577,491,766,658
P9_G3_1.png,1280,960,pinky,521,264,689,486
P7_G9_6.png,1280,960,five,504,357,769,595
P9_G7_3.png,1280,960,horn,488,332,674,518
P7_G3_4.png,1280,960,pinky,587,465,739,626
P6_G7_3.png,1280,960,horn,661,529,928,660
P6_G3_6.png,1280,960,pinky,445,429,585,579
P13_G7_3.png,1280,960,horn,421,425,653,568
P9_G3_2.png,1280,960,pinky,485,208,658,433
P7_G5_2.png,1280,960,two,569,357,703,584
P11_G7_5.png,1280,960,horn,584,277,781,474
P14_G8_7.png,1280,960,rockNroll,572,407,765,577
P2_G4_3.png,1280,960,loser,627,416,863,661
P11_G2_2.png,1280,960,one,565,551,702,736
P13_G10_8.png,1280,960,ok,723,399,933,632
P1_G5_4.png,1280,960,two,606,360,746,619
P6_G3_2.png,1280,960,pinky,794,448,928,599
P14_G2_8.png,1280,960,one,456,252,611,531
P1_G3_7.png,1280,960,pinky,562,336,740,490
P6_G8_8.png,1280,960,rockNroll,453,407,677,590
P14_G7_4.png,1280,960,horn,565,460,760,636
P3_G10_2.png,1280,960,ok,741,319,941,584
P1_G6_5.png,1280,960,three,578,303,748,566
P4_G4_5.png,1280,960,loser,635,344,830,558
P6_G10_7.png,1280,960,ok,721,251,861,491
P13_G3_5.png,1280,960,pinky,349,420,499,590
P12_G10_2.png,1280,960,ok,545,346,743,601
P3_G9_1.png,1280,960,five,704,237,1004,520
P11_G5_7.png,1280,960,two,469,368,632,600
P6_G7_7.png,1280,960,horn,618,466,884,595
P9_G5_4.png,1280,960,two,571,277,713,522
P8_G5_4.png,1280,960,two,633,435,786,698
P3_G3_4.png,1280,960,pinky,630,388,761,587
P5_G5_3.png,1280,960,two,614,288,746,569
P3_G1_1.png,1280,960,fist,754,529,925,694
P12_G6_2.png,1280,960,three,665,365,814,619
P6_G3_7.png,1280,960,pinky,514,443,640,621
P4_G2_5.png,1280,960,one,780,258,932,507
P5_G7_3.png,1280,960,horn,697,350,913,515
P8_G6_1.png,1280,960,three,565,494,720,736
P3_G4_4.png,1280,960,loser,686,281,877,534
P2_G4_7.png,1280,960,loser,542,402,772,668
P12_G5_3.png,1280,960,two,500,379,652,608
P4_G8_8.png,1280,960,rockNroll,564,440,772,627
P10_G9_3.png,1280,960,five,352,343,560,628
P14_G5_8.png,1280,960,two,591,411,721,631
P3_G7_4.png,1280,960,horn,611,429,805,612
P14_G10_7.png,1280,960,ok,502,391,661,637
P12_G5_4.png,1280,960,two,639,439,776,660
P8_G2_5.png,1280,960,one,601,459,739,695
P6_G5_6.png,1280,960,two,557,454,687,656
P7_G8_3.png,1280,960,rockNroll,461,340,658,523
P5_G1_3.png,1280,960,fist,672,354,800,487
P14_G5_1.png,1280,960,two,597,409,733,637
P1_G6_1.png,1280,960,three,568,316,761,574
P8_G5_7.png,1280,960,two,558,429,708,683
P12_G7_8.png,1280,960,horn,595,513,819,654
P11_G9_7.png,1280,960,five,535,245,791,508
P7_G6_6.png,1280,960,three,636,383,790,602
P9_G9_5.png,1280,960,five,568,252,812,519
P1_G6_6.png,1280,960,three,605,303,754,576
P10_G6_4.png,1280,960,three,736,421,896,718
P13_G10_1.png,1280,960,ok,593,389,741,598
P3_G5_3.png,1280,960,two,497,264,666,547
P7_G9_3.png,1280,960,five,541,337,794,572
P5_G2_5.png,1280,960,one,646,371,788,586
P4_G5_6.png,1280,960,two,649,372,780,590
P6_G6_3.png,1280,960,three,708,336,832,547
P6_G8_3.png,1280,960,rockNroll,639,408,895,596
P2_G10_4.png,1280,960,ok,588,396,779,666
P8_G2_6.png,1280,960,one,687,502,825,733
P14_G2_7.png,1280,960,one,541,437,694,712
P14_G7_7.png,1280,960,horn,606,408,802,561
P2_G4_2.png,1280,960,loser,594,371,826,635
P10_G8_4.png,1280,960,rockNroll,623,368,838,627
P13_G2_4.png,1280,960,one,534,235,681,478
P3_G1_2.png,1280,960,fist,699,447,858,621
P13_G1_4.png,1280,960,fist,492,509,675,652
P1_G1_1.png,1280,960,fist,671,271,833,413
P6_G4_6.png,1280,960,loser,666,439,881,652
P1_G4_6.png,1280,960,loser,670,339,940,591
P4_G6_2.png,1280,960,three,730,441,848,663
P4_G6_7.png,1280,960,three,706,445,835,652
P8_G2_3.png,1280,960,one,600,502,737,728
P11_G3_7.png,1280,960,pinky,440,300,599,501
P4_G8_5.png,1280,960,rockNroll,572,403,803,635
P14_G6_6.png,1280,960,three,630,416,816,640
P4_G9_6.png,1280,960,five,634,459,859,655
P12_G2_2.png,1280,960,one,645,299,809,544
P7_G2_1.png,1280,960,one,705,425,830,652
P7_G7_8.png,1280,960,horn,507,397,761,536
P4_G1_5.png,1280,960,fist,611,248,805,435
P10_G3_3.png,1280,960,pinky,524,429,671,658
P11_G2_5.png,1280,960,one,513,370,650,616
P5_G5_5.png,1280,960,two,716,372,839,631
P14_G10_5.png,1280,960,ok,571,368,727,619
P7_G9_1.png,1280,960,five,619,343,879,579
P14_G1_2.png,1280,960,fist,537,236,698,409
P2_G9_7.png,1280,960,five,497,435,742,682
P3_G4_3.png,1280,960,loser,539,315,760,563
P9_G4_2.png,1280,960,loser,667,299,879,541
P10_G5_3.png,1280,960,two,685,484,821,734
P2_G7_6.png,1280,960,horn,589,393,832,582
P6_G5_4.png,1280,960,two,680,377,792,600
P10_G5_5.png,1280,960,two,548,394,695,651
P10_G10_7.png,1280,960,ok,348,477,538,681
P8_G5_3.png,1280,960,two,694,441,841,699
P11_G1_5.png,1280,960,fist,574,363,730,542
P6_G6_5.png,1280,960,three,759,408,894,620
P8_G10_2.png,1280,960,ok,553,453,737,677
P1_G4_2.png,1280,960,loser,680,255,927,521
P14_G10_2.png,1280,960,ok,590,368,751,620
P2_G1_6.png,1280,960,fist,575,389,753,534
P14_G6_3.png,1280,960,three,630,394,807,619
P13_G9_8.png,1280,960,five,441,184,723,456
P12_G2_7.png,1280,960,one,556,395,717,566
P3_G7_2.png,1280,960,horn,474,369,691,567
P1_G3_6.png,1280,960,pinky,585,290,751,473
P5_G3_7.png,1280,960,pinky,678,193,809,428
P12_G8_2.png,1280,960,rockNroll,541,291,764,518
P10_G4_1.png,1280,960,loser,586,388,835,627
P12_G3_6.png,1280,960,pinky,574,364,748,554
P3_G2_8.png,1280,960,one,755,360,894,620
P7_G6_4.png,1280,960,three,570,369,719,606
P6_G6_8.png,1280,960,three,647,471,776,662
P12_G2_4.png,1280,960,one,608,393,769,621
P13_G3_3.png,1280,960,pinky,418,331,587,525
P14_G7_6.png,1280,960,horn,558,394,752,541
P13_G4_4.png,1280,960,loser,492,348,645,558
P4_G4_6.png,1280,960,loser,550,315,752,528
P7_G4_7.png,1280,960,loser,573,409,797,618
P11_G6_1.png,1280,960,three,577,318,736,553
P13_G10_3.png,1280,960,ok,484,347,666,563
P12_G2_5.png,1280,960,one,578,333,742,573
P4_G8_7.png,1280,960,rockNroll,511,279,716,499
P14_G9_4.png,1280,960,five,472,446,733,688
P7_G10_4.png,1280,960,ok,521,321,709,564
P8_G4_4.png,1280,960,loser,629,451,878,669
P6_G7_1.png,1280,960,horn,639,438,902,568
P14_G3_7.png,1280,960,pinky,585,379,787,570
P13_G4_6.png,1280,960,loser,375,263,587,499
P6_G4_3.png,1280,960,loser,686,476,903,674
P14_G10_6.png,1280,960,ok,601,382,774,627
P3_G6_7.png,1280,960,three,439,340,649,594
P11_G3_6.png,1280,960,pinky,651,341,798,528
P4_G6_1.png,1280,960,three,633,483,757,695
P7_G4_3.png,1280,960,loser,569,388,799,607
P13_G3_1.png,1280,960,pinky,516,421,646,573
P4_G3_3.png,1280,960,pinky,640,504,785,663
P12_G5_1.png,1280,960,two,542,300,697,540
P5_G7_4.png,1280,960,horn,610,303,817,481
P14_G3_1.png,1280,960,pinky,555,355,746,555
P4_G7_3.png,1280,960,horn,606,465,860,624
P9_G5_8.png,1280,960,two,633,501,741,699
P10_G1_8.png,1280,960,fist,646,433,826,590
P1_G10_6.png,1280,960,ok,611,287,786,533
P12_G1_8.png,1280,960,fist,551,372,731,528
P3_G7_3.png,1280,960,horn,431,297,657,500
P12_G6_7.png,1280,960,three,551,394,689,650
P7_G7_2.png,1280,960,horn,581,414,832,557
P9_G4_5.png,1280,960,loser,695,355,901,591
P10_G1_6.png,1280,960,fist,592,297,772,447
P5_G3_5.png,1280,960,pinky,615,318,759,543
P4_G4_2.png,1280,960,loser,697,312,906,540
P5_G1_5.png,1280,960,fist,618,344,755,504
P12_G9_2.png,1280,960,five,593,293,873,546
P5_G1_7.png,1280,960,fist,640,370,782,504
P5_G6_3.png,1280,960,three,738,270,896,537
P10_G2_8.png,1280,960,one,722,392,860,609
P6_G9_5.png,1280,960,five,647,325,888,544
P10_G5_1.png,1280,960,two,581,478,715,722
P13_G6_2.png,1280,960,three,588,353,725,588
P11_G9_4.png,1280,960,five,447,388,715,623
P11_G7_2.png,1280,960,horn,552,340,757,531
P8_G6_2.png,1280,960,three,575,398,728,656
P13_G4_2.png,1280,960,loser,655,580,827,707
P6_G2_7.png,1280,960,one,600,234,740,468
P12_G4_4.png,1280,960,loser,576,479,808,626
P8_G8_3.png,1280,960,rockNroll,678,371,892,602
P3_G6_6.png,1280,960,three,490,415,671,657
P1_G2_5.png,1280,960,one,532,341,686,572
P13_G7_6.png,1280,960,horn,454,489,705,620
P9_G8_2.png,1280,960,rockNroll,616,373,789,578
P6_G7_6.png,1280,960,horn,542,487,794,625
P13_G3_6.png,1280,960,pinky,348,531,496,660
P5_G3_4.png,1280,960,pinky,640,358,757,548
P3_G1_7.png,1280,960,fist,595,387,775,550
P9_G3_8.png,1280,960,pinky,357,243,540,461
P14_G2_4.png,1280,960,one,506,256,652,513
P13_G9_4.png,1280,960,five,482,438,699,659
P4_G5_8.png,1280,960,two,670,397,791,607
P14_G2_2.png,1280,960,one,559,316,699,571
P11_G1_2.png,1280,960,fist,548,332,696,491
P5_G1_2.png,1280,960,fist,622,348,757,497
P10_G2_7.png,1280,960,one,627,385,764,605
P8_G3_7.png,1280,960,pinky,592,519,725,705
P14_G10_4.png,1280,960,ok,554,373,713,628
P5_G5_7.png,1280,960,two,586,385,745,616
P6_G1_7.png,1280,960,fist,400,424,583,558
P8_G10_5.png,1280,960,ok,580,363,760,606
P1_G5_1.png,1280,960,two,605,225,746,485
P8_G5_1.png,1280,960,two,696,549,845,785
P1_G3_8.png,1280,960,pinky,542,327,708,498
P12_G7_2.png,1280,960,horn,557,407,794,595
P5_G9_5.png,1280,960,five,619,301,833,550
P10_G7_1.png,1280,960,horn,692,482,906,668
P6_G7_8.png,1280,960,horn,532,432,781,562
P11_G1_6.png,1280,960,fist,493,322,645,492
P1_G3_3.png,1280,960,pinky,545,330,720,536
P9_G9_2.png,1280,960,five,613,348,845,590
P1_G4_5.png,1280,960,loser,684,245,940,514
P8_G6_4.png,1280,960,three,595,430,748,669
P14_G7_5.png,1280,960,horn,510,459,702,609
P7_G3_2.png,1280,960,pinky,588,478,751,641
P14_G8_5.png,1280,960,rockNroll,500,392,701,588
P10_G7_4.png,1280,960,horn,549,446,816,628
P1_G2_6.png,1280,960,one,709,339,851,560
P9_G1_5.png,1280,960,fist,699,389,874,549
P6_G2_5.png,1280,960,one,697,285,825,520
P7_G8_4.png,1280,960,rockNroll,558,321,817,546
P6_G3_5.png,1280,960,pinky,712,419,839,575
P5_G6_8.png,1280,960,three,749,295,927,553
P7_G8_1.png,1280,960,rockNroll,509,324,725,523
P14_G7_3.png,1280,960,horn,608,455,800,620
P12_G10_1.png,1280,960,ok,592,414,776,644
P13_G7_5.png,1280,960,horn,646,549,847,661
P3_G8_2.png,1280,960,rockNroll,665,315,952,529
P13_G5_8.png,1280,960,two,626,459,749,661
P11_G5_4.png,1280,960,two,553,390,704,597
P2_G10_1.png,1280,960,ok,613,404,802,667
P5_G4_5.png,1280,960,loser,640,325,869,573
P7_G2_8.png,1280,960,one,591,416,731,642
P11_G10_6.png,1280,960,ok,509,422,678,649
P5_G9_7.png,1280,960,five,614,358,872,601
P1_G2_7.png,1280,960,one,565,302,714,510
P7_G8_5.png,1280,960,rockNroll,643,332,915,561
P8_G3_3.png,1280,960,pinky,584,458,714,635
P13_G6_4.png,1280,960,three,578,363,700,587
P6_G4_1.png,1280,960,loser,662,501,859,682
P8_G7_3.png,1280,960,horn,610,431,835,591
P14_G2_6.png,1280,960,one,448,272,599,546
P1_G1_6.png,1280,960,fist,566,220,737,383
P7_G10_3.png,1280,960,ok,597,357,787,591
P5_G4_7.png,1280,960,loser,607,335,842,547
P2_G2_4.png,1280,960,one,610,368,754,613
P2_G5_4.png,1280,960,two,604,388,743,652
P2_G6_8.png,1280,960,three,584,441,751,722
P1_G8_8.png,1280,960,rockNroll,530,289,757,510
P13_G10_2.png,1280,960,ok,691,350,884,594
P10_G5_4.png,1280,960,two,707,417,845,688
P8_G8_2.png,1280,960,rockNroll,563,376,767,604
P5_G5_6.png,1280,960,two,598,345,764,557
P4_G1_6.png,1280,960,fist,650,177,838,374
P12_G4_2.png,1280,960,loser,508,359,741,593
P14_G3_4.png,1280,960,pinky,670,324,874,520
P8_G10_8.png,1280,960,ok,603,540,769,774
P6_G6_7.png,1280,960,three,569,486,718,668
P9_G3_6.png,1280,960,pinky,579,368,736,564
P5_G8_1.png,1280,960,rockNroll,603,436,830,602
P7_G9_5.png,1280,960,five,570,358,818,585
P1_G7_7.png,1280,960,horn,525,322,729,465
P7_G8_6.png,1280,960,rockNroll,486,327,689,524
P3_G1_3.png,1280,960,fist,607,457,799,618
P11_G6_4.png,1280,960,three,525,369,688,630
P12_G10_6.png,1280,960,ok,587,281,775,534
P4_G1_7.png,1280,960,fist,518,156,722,333
P5_G3_8.png,1280,960,pinky,738,346,920,541
P7_G5_7.png,1280,960,two,514,362,668,581
P13_G10_5.png,1280,960,ok,291,366,498,611
P3_G2_3.png,1280,960,one,469,300,644,542
P6_G4_8.png,1280,960,loser,689,474,892,662
P9_G10_3.png,1280,960,ok,641,216,823,491
P12_G6_6.png,1280,960,three,641,340,778,582
P3_G6_2.png,1280,960,three,722,308,905,565
P4_G4_1.png,1280,960,loser,744,394,952,615
P10_G8_6.png,1280,960,rockNroll,566,424,786,673
P7_G4_8.png,1280,960,loser,629,425,853,634
P12_G6_3.png,1280,960,three,503,269,673,527
P13_G3_7.png,1280,960,pinky,395,398,538,589
P8_G7_8.png,1280,960,horn,558,501,769,657
P2_G8_5.png,1280,960,rockNroll,560,377,812,630
P7_G6_2.png,1280,960,three,632,374,790,602
P8_G3_4.png,1280,960,pinky,685,445,798,632
P13_G1_8.png,1280,960,fist,500,267,681,430
P11_G5_6.png,1280,960,two,462,406,632,622
P7_G9_8.png,1280,960,five,669,325,923,564
P12_G8_7.png,1280,960,rockNroll,478,234,680,459
P10_G6_3.png,1280,960,three,655,266,799,523
P1_G4_1.png,1280,960,loser,672,388,935,638
P14_G3_8.png,1280,960,pinky,450,341,622,560
P7_G5_5.png,1280,960,two,580,353,710,583
P8_G7_4.png,1280,960,horn,528,452,761,593
P9_G2_2.png,1280,960,one,596,186,724,447
P9_G7_7.png,1280,960,horn,573,444,753,623
P4_G9_4.png,1280,960,five,564,291,818,554
P2_G7_7.png,1280,960,horn,578,384,795,598
P12_G6_1.png,1280,960,three,520,271,669,545
P6_G5_7.png,1280,960,two,742,288,854,513
P11_G9_2.png,1280,960,five,660,201,903,465
P14_G7_2.png,1280,960,horn,540,446,742,602
P3_G10_6.png,1280,960,ok,476,391,666,601
P6_G2_2.png,1280,960,one,708,396,838,617
P11_G5_3.png,1280,960,two,657,311,778,548
P2_G5_5.png,1280,960,two,612,400,749,658
P3_G4_1.png,1280,960,loser,730,329,930,583
P6_G9_6.png,1280,960,five,460,337,695,541
P5_G8_2.png,1280,960,rockNroll,585,380,798,577
P6_G1_1.png,1280,960,fist,723,307,875,451
P4_G8_6.png,1280,960,rockNroll,593,277,822,524
P10_G3_8.png,1280,960,pinky,419,429,571,648
P9_G8_8.png,1280,960,rockNroll,648,465,810,667
P4_G5_3.png,1280,960,two,598,441,716,640
P4_G4_3.png,1280,960,loser,661,419,861,625
P5_G10_8.png,1280,960,ok,621,311,795,558
P10_G7_3.png,1280,960,horn,607,476,815,658
P2_G7_5.png,1280,960,horn,560,358,784,571
P11_G10_3.png,1280,960,ok,646,320,791,565
P3_G6_4.png,1280,960,three,622,358,775,613
P5_G10_5.png,1280,960,ok,552,375,770,607
P6_G10_8.png,1280,960,ok,716,331,855,560
P12_G3_5.png,1280,960,pinky,528,433,700,596
P4_G5_1.png,1280,960,two,646,409,759,612
P8_G9_7.png,1280,960,five,507,349,736,603
P12_G1_7.png,1280,960,fist,519,404,702,559
P8_G9_4.png,1280,960,five,622,378,844,626
P8_G6_3.png,1280,960,three,589,429,741,678
P9_G6_2.png,1280,960,three,350,315,564,529
P6_G6_4.png,1280,960,three,699,418,819,619
P7_G2_6.png,1280,960,one,493,425,666,642
P13_G2_7.png,1280,960,one,434,309,602,527
P13_G8_3.png,1280,960,rockNroll,176,91,394,305
P8_G10_1.png,1280,960,ok,692,445,864,682
P8_G7_5.png,1280,960,horn,610,435,843,586
P9_G6_8.png,1280,960,three,549,312,729,555
P6_G10_5.png,1280,960,ok,747,317,889,538
P12_G7_3.png,1280,960,horn,550,443,753,610
P14_G4_6.png,1280,960,loser,436,438,698,691
P3_G4_2.png,1280,960,loser,600,272,812,523
P10_G5_2.png,1280,960,two,458,370,632,616
P9_G9_4.png,1280,960,five,575,288,810,535
P11_G6_5.png,1280,960,three,436,348,617,607
P5_G7_8.png,1280,960,horn,651,323,871,479
P5_G3_6.png,1280,960,pinky,695,323,875,524
P5_G2_1.png,1280,960,one,644,338,788,569
P6_G5_2.png,1280,960,two,767,452,879,660
P4_G7_2.png,1280,960,horn,614,435,861,599
P10_G5_6.png,1280,960,two,679,298,819,563
P11_G5_5.png,1280,960,two,604,330,737,573
P13_G1_7.png,1280,960,fist,488,587,670,731
P8_G4_7.png,1280,960,loser,518,543,757,770
P13_G7_2.png,1280,960,horn,563,296,773,429
P7_G1_5.png,1280,960,fist,695,393,844,557
P12_G2_3.png,1280,960,one,596,425,765,604
P14_G6_2.png,1280,960,three,583,403,743,632
P6_G9_2.png,1280,960,five,534,355,740,553
P11_G9_8.png,1280,960,five,400,236,640,494
P7_G5_6.png,1280,960,two,544,358,687,581
P9_G7_6.png,1280,960,horn,603,459,810,615
P13_G2_1.png,1280,960,one,571,421,695,620
P3_G7_8.png,1280,960,horn,741,418,978,580
P2_G3_7.png,1280,960,pinky,502,506,663,700
P14_G9_5.png,1280,960,five,555,464,826,702
P3_G1_8.png,1280,960,fist,524,445,720,595
P13_G4_7.png,1280,960,loser,460,413,657,598
P1_G4_8.png,1280,960,loser,730,378,987,636
P11_G6_8.png,1280,960,three,537,245,691,494
P8_G1_1.png,1280,960,fist,666,505,797,672
P9_G6_5.png,1280,960,three,512,246,673,499
P6_G5_8.png,1280,960,two,683,279,808,506
P13_G5_2.png,1280,960,two,482,436,634,684
P6_G1_2.png,1280,960,fist,403,343,579,481
P13_G10_6.png,1280,960,ok,308,378,525,592
P11_G1_7.png,1280,960,fist,586,386,732,560
P9_G10_1.png,1280,960,ok,489,183,689,464
P8_G9_3.png,1280,960,five,503,377,732,630
P10_G2_5.png,1280,960,one,488,304,633,576
P4_G5_7.png,1280,960,two,661,384,779,599
P13_G10_4.png,1280,960,ok,498,434,655,662
P13_G9_7.png,1280,960,five,588,347,857,584
P10_G5_8.png,1280,960,two,563,491,694,717
P12_G5_2.png,1280,960,two,558,354,702,594
P6_G1_5.png,1280,960,fist,762,334,914,477
P3_G3_8.png,1280,960,pinky,694,317,860,512
P10_G6_8.png,1280,960,three,482,339,639,590
P10_G9_4.png,1280,960,five,560,347,813,642
P12_G3_2.png,1280,960,pinky,553,415,729,593
P6_G8_6.png,1280,960,rockNroll,600,336,878,531
P2_G8_3.png,1280,960,rockNroll,546,385,826,620
P2_G2_3.png,1280,960,one,670,390,804,622
P12_G9_5.png,1280,960,five,522,308,795,577
P4_G2_6.png,1280,960,one,698,237,843,477
P4_G10_8.png,1280,960,ok,672,312,853,558
P10_G7_6.png,1280,960,horn,514,407,731,549
P9_G9_7.png,1280,960,five,603,328,851,581
P11_G2_7.png,1280,960,one,530,379,666,591
P11_G9_1.png,1280,960,five,382,324,629,580
P1_G10_1.png,1280,960,ok,584,261,750,520
P12_G8_8.png,1280,960,rockNroll,420,439,631,614
P13_G5_4.png,1280,960,two,574,483,695,708
P2_G10_2.png,1280,960,ok,541,395,734,660
P9_G2_8.png,1280,960,one,667,319,796,560
P12_G6_8.png,1280,960,three,516,344,662,613
P8_G8_5.png,1280,960,rockNroll,626,298,832,523
P4_G2_7.png,1280,960,one,777,285,930,505
P1_G9_6.png,1280,960,five,547,257,799,512
P1_G7_1.png,1280,960,horn,470,285,695,450
P13_G5_7.png,1280,960,two,511,474,637,653
P6_G10_4.png,1280,960,ok,644,340,778,552
P5_G4_6.png,1280,960,loser,601,269,841,522
P1_G5_3.png,1280,960,two,629,296,750,514
P10_G8_2.png,1280,960,rockNroll,430,449,657,683
P1_G1_2.png,1280,960,fist,745,248,944,432
P13_G1_2.png,1280,960,fist,532,590,727,744
P9_G1_1.png,1280,960,fist,438,435,624,592
P4_G6_8.png,1280,960,three,714,461,833,678
P3_G1_6.png,1280,960,fist,615,550,802,698
P9_G6_6.png,1280,960,three,619,389,752,598
P9_G6_1.png,1280,960,three,466,382,621,595
P12_G3_8.png,1280,960,pinky,594,428,769,588
P10_G4_8.png,1280,960,loser,602,375,851,621
P5_G1_4.png,1280,960,fist,633,341,766,501
P10_G1_3.png,1280,960,fist,648,381,831,544
P7_G3_6.png,1280,960,pinky,524,460,688,630
P10_G3_5.png,1280,960,pinky,493,427,642,661
P11_G7_4.png,1280,960,horn,561,373,772,564
P9_G7_4.png,1280,960,horn,568,418,766,570
P9_G4_4.png,1280,960,loser,674,238,870,474
P10_G7_7.png,1280,960,horn,555,476,832,608
P7_G7_5.png,1280,960,horn,594,422,843,563
P12_G8_6.png,1280,960,rockNroll,576,391,784,584
P5_G10_6.png,1280,960,ok,627,324,775,576
P5_G3_1.png,1280,960,pinky,697,322,843,540
P3_G8_7.png,1280,960,rockNroll,456,408,676,606
P2_G7_3.png,1280,960,horn,528,400,752,633
P2_G9_1.png,1280,960,five,484,444,727,670
P9_G1_4.png,1280,960,fist,559,236,734,389
P3_G6_3.png,1280,960,three,739,298,945,545
P14_G6_5.png,1280,960,three,546,445,692,671
P5_G7_7.png,1280,960,horn,689,410,911,566
P14_G1_6.png,1280,960,fist,392,301,552,460
P13_G1_5.png,1280,960,fist,700,459,844,599
P14_G1_4.png,1280,960,fist,453,303,612,471
P5_G2_4.png,1280,960,one,680,358,793,595
P9_G8_1.png,1280,960,rockNroll,589,377,750,581
P9_G7_8.png,1280,960,horn,511,381,685,560
P14_G8_4.png,1280,960,rockNroll,590,388,800,598
P8_G2_8.png,1280,960,one,667,557,801,777
P5_G10_4.png,1280,960,ok,651,382,785,649
P13_G9_6.png,1280,960,five,506,588,747,812
P5_G3_2.png,1280,960,pinky,599,309,749,538
P2_G6_2.png,1280,960,three,653,435,799,696
P7_G10_7.png,1280,960,ok,613,280,805,516
P7_G1_7.png,1280,960,fist,592,392,763,560
P8_G4_2.png,1280,960,loser,562,378,805,612
P14_G4_7.png,1280,960,loser,466,302,721,572
P7_G5_3.png,1280,960,two,634,354,757,577
P5_G9_1.png,1280,960,five,563,250,827,519
P6_G8_5.png,1280,960,rockNroll,609,419,877,606
P9_G10_6.png,1280,960,ok,553,369,736,622
P1_G2_2.png,1280,960,one,590,351,738,564
P3_G3_2.png,1280,960,pinky,457,316,630,520
P4_G3_8.png,1280,960,pinky,602,520,752,683
P12_G2_8.png,1280,960,one,613,381,762,574
P6_G4_2.png,1280,960,loser,561,387,756,597
P10_G2_1.png,1280,960,one,761,375,899,608
P9_G4_6.png,1280,960,loser,471,295,680,533
P5_G4_1.png,1280,960,loser,666,319,902,558
P3_G7_5.png,1280,960,horn,672,367,925,543
P3_G7_7.png,1280,960,horn,695,341,962,516
P9_G3_7.png,1280,960,pinky,372,382,558,590
P11_G10_8.png,1280,960,ok,501,290,659,534
P2_G5_3.png,1280,960,two,641,441,780,702
P12_G3_4.png,1280,960,pinky,569,432,758,605
P5_G5_4.png,1280,960,two,664,360,798,616
P9_G10_5.png,1280,960,ok,555,214,742,493
P10_G8_8.png,1280,960,rockNroll,387,336,600,589
P8_G10_4.png,1280,960,ok,629,351,798,591
P8_G7_7.png,1280,960,horn,658,502,881,669
P1_G8_4.png,1280,960,rockNroll,530,243,764,478
P11_G6_3.png,1280,960,three,481,398,664,575
P2_G4_5.png,1280,960,loser,586,365,820,618
P4_G2_2.png,1280,960,one,708,282,838,508
P9_G2_7.png,1280,960,one,735,308,864,550
P3_G10_4.png,1280,960,ok,580,393,739,624
P11_G4_7.png,1280,960,loser,539,340,754,576
P14_G6_4.png,1280,960,three,564,351,714,596
P1_G4_7.png,1280,960,loser,554,369,810,628
P14_G10_3.png,1280,960,ok,580,387,737,622
P2_G9_5.png,1280,960,five,556,413,834,662
P1_G6_8.png,1280,960,three,588,317,742,543
P4_G2_1.png,1280,960,one,688,186,849,447
P2_G1_2.png,1280,960,fist,683,422,852,568
P11_G7_8.png,1280,960,horn,552,327,730,492
P2_G2_2.png,1280,960,one,572,380,711,619
P3_G3_1.png,1280,960,pinky,528,303,685,510
P14_G9_7.png,1280,960,five,513,462,784,711
P10_G6_2.png,1280,960,three,436,483,613,743
P13_G9_2.png,1280,960,five,560,138,789,392
P11_G3_4.png,1280,960,pinky,487,268,638,454
P14_G4_1.png,1280,960,loser,469,402,729,658
P3_G8_4.png,1280,960,rockNroll,540,400,758,595
P5_G9_3.png,1280,960,five,622,225,899,507
P13_G5_6.png,1280,960,two,597,382,707,604
P11_G2_6.png,1280,960,one,552,328,687,543
P2_G1_1.png,1280,960,fist,658,458,829,614
P10_G4_7.png,1280,960,loser,701,371,951,615
P14_G4_5.png,1280,960,loser,422,279,693,561
P10_G7_5.png,1280,960,horn,430,404,681,570
P1_G7_4.png,1280,960,horn,516,307,736,458
P8_G2_1.png,1280,960,one,611,531,743,755
P4_G9_8.png,1280,960,five,491,453,729,646
P9_G7_2.png,1280,960,horn,573,364,757,527
P7_G9_4.png,1280,960,five,573,361,825,591
P5_G10_3.png,1280,960,ok,633,363,818,594
P2_G1_8.png,1280,960,fist,617,447,781,609
P1_G3_4.png,1280,960,pinky,576,256,732,426
P8_G4_3.png,1280,960,loser,510,405,750,633
P7_G3_3.png,1280,960,pinky,521,481,683,648
P1_G5_6.png,1280,960,two,612,308,746,555
P4_G7_8.png,1280,960,horn,518,358,779,548
P5_G2_2.png,1280,960,one,644,367,760,599
P8_G1_6.png,1280,960,fist,628,528,767,690
P3_G3_3.png,1280,960,pinky,461,405,611,594
P1_G8_1.png,1280,960,rockNroll,532,289,753,513
P14_G2_3.png,1280,960,one,599,183,753,472
P2_G2_1.png,1280,960,one,735,386,874,629
P7_G2_4.png,1280,960,one,619,336,747,582
P10_G4_6.png,1280,960,loser,568,433,816,682
P5_G4_3.png,1280,960,loser,614,311,853,539
P3_G10_3.png,1280,960,ok,692,458,860,671
P8_G5_2.png,1280,960,two,664,464,813,715
P5_G10_2.png,1280,960,ok,698,316,856,580
P4_G8_2.png,1280,960,rockNroll,549,366,754,581
P7_G3_7.png,1280,960,pinky,629,433,803,606
P2_G1_3.png,1280,960,fist,554,488,731,634
P14_G3_3.png,1280,960,pinky,477,332,644,551
P5_G5_2.png,1280,960,two,631,316,819,563
P1_G10_8.png,1280,960,ok,567,267,730,512
P8_G10_7.png,1280,960,ok,563,397,733,650
P1_G9_8.png,1280,960,five,584,240,811,497
P13_G4_8.png,1280,960,loser,549,541,725,695
P2_G5_2.png,1280,960,two,598,419,755,691
P7_G10_6.png,1280,960,ok,603,359,787,594
P14_G8_1.png,1280,960,rockNroll,555,384,745,571
P1_G8_5.png,1280,960,rockNroll,512,219,747,459
P1_G3_5.png,1280,960,pinky,573,274,743,467
P10_G7_8.png,1280,960,horn,544,489,754,650
P2_G4_1.png,1280,960,loser,615,389,855,655
P9_G2_1.png,1280,960,one,523,333,675,566
P12_G10_7.png,1280,960,ok,539,299,724,540
P7_G2_7.png,1280,960,one,643,363,769,590
P10_G10_4.png,1280,960,ok,618,436,791,694
P2_G8_2.png,1280,960,rockNroll,623,358,896,619
P12_G9_1.png,1280,960,five,645,275,915,529
P8_G1_8.png,1280,960,fist,621,520,763,696
P9_G1_7.png,1280,960,fist,802,335,967,519
P10_G6_6.png,1280,960,three,793,390,949,660
P12_G1_3.png,1280,960,fist,612,378,792,539
P7_G4_1.png,1280,960,loser,638,433,862,636
P12_G7_5.png,1280,960,horn,536,423,762,608
P6_G8_4.png,1280,960,rockNroll,540,421,788,613
P6_G3_3.png,1280,960,pinky,732,376,872,530
P4_G4_8.png,1280,960,loser,615,399,822,607
P3_G9_5.png,1280,960,five,615,294,936,576
P9_G9_1.png,1280,960,five,566,215,833,496
P13_G8_6.png,1280,960,rockNroll,455,253,669,460
P5_G8_5.png,1280,960,rockNroll,635,389,833,588
P2_G3_4.png,1280,960,pinky,638,340,776,546
P14_G1_7.png,1280,960,fist,587,331,720,488
P2_G10_6.png,1280,960,ok,646,407,848,668
P1_G7_2.png,1280,960,horn,550,305,783,454
P8_G4_5.png,1280,960,loser,706,435,960,657
P9_G3_4.png,1280,960,pinky,611,351,756,568
P14_G6_7.png,1280,960,three,523,378,675,618
P12_G9_6.png,1280,960,five,444,269,690,522
P9_G8_6.png,1280,960,rockNroll,565,297,749,524
P5_G9_8.png,1280,960,five,621,307,870,561
P6_G2_1.png,1280,960,one,846,366,988,580
P1_G7_5.png,1280,960,horn,512,306,736,463
P13_G1_6.png,1280,960,fist,329,432,542,585
P12_G7_7.png,1280,960,horn,635,459,853,645
P10_G2_3.png,1280,960,one,737,404,877,631
P8_G4_8.png,1280,960,loser,674,514,918,743
P6_G6_2.png,1280,960,three,777,369,914,591
P2_G5_6.png,1280,960,two,652,437,787,703
P10_G10_5.png,1280,960,ok,516,419,701,670
P9_G1_8.png,1280,960,fist,649,203,814,381
P10_G2_6.png,1280,960,one,669,364,807,599
P7_G7_4.png,1280,960,horn,601,424,844,567
P8_G5_6.png,1280,960,two,549,537,698,769
P5_G1_8.png,1280,960,fist,645,368,786,498
P2_G7_1.png,1280,960,horn,574,381,787,602
P3_G2_7.png,1280,960,one,641,415,759,647
P14_G5_3.png,1280,960,two,542,411,674,631
P3_G6_1.png,1280,960,three,716,429,895,647
P3_G5_8.png,1280,960,two,726,371,920,624
P12_G3_7.png,1280,960,pinky,556,361,728,540
P4_G5_4.png,1280,960,two,660,352,769,571
P7_G1_8.png,1280,960,fist,605,381,762,524
P12_G1_6.png,1280,960,fist,473,374,671,534
P13_G8_1.png,1280,960,rockNroll,456,106,662,329
P11_G9_3.png,1280,960,five,450,336,709,586
P10_G8_7.png,1280,960,rockNroll,381,426,603,659
P7_G6_8.png,1280,960,three,651,338,804,567
P12_G9_7.png,1280,960,five,500,474,762,685
P3_G7_6.png,1280,960,horn,696,388,934,557
P1_G8_3.png,1280,960,rockNroll,548,304,760,503
P3_G5_4.png,1280,960,two,666,275,829,562
P9_G6_7.png,1280,960,three,500,288,700,541
P5_G4_8.png,1280,960,loser,630,343,875,537
P9_G8_7.png,1280,960,rockNroll,663,374,823,588
P3_G6_5.png,1280,960,three,527,319,712,582
P3_G8_3.png,1280,960,rockNroll,593,305,853,520
P6_G8_7.png,1280,960,rockNroll,413,323,630,518
P14_G8_3.png,1280,960,rockNroll,561,417,751,601
P8_G9_8.png,1280,960,five,629,467,876,715
P6_G1_8.png,1280,960,fist,577,402,741,541
P1_G10_2.png,1280,960,ok,541,257,733,516
P7_G3_8.png,1280,960,pinky,633,498,813,652
P2_G10_8.png,1280,960,ok,626,406,800,674
P14_G1_1.png,1280,960,fist,656,390,791,553
P5_G6_5.png,1280,960,three,663,304,798,568
P3_G4_7.png,1280,960,loser,450,341,653,537
P12_G5_8.png,1280,960,two,569,344,722,560
P9_G5_6.png,1280,960,two,706,278,818,529
P8_G6_7.png,1280,960,three,667,541,818,775
P13_G9_3.png,1280,960,five,220,20,466,295
P13_G5_1.png,1280,960,two,759,491,925,663
P9_G9_6.png,1280,960,five,545,292,788,556
P7_G4_5.png,1280,960,loser,561,350,784,583
P4_G3_5.png,1280,960,pinky,620,363,762,541
P5_G4_4.png,1280,960,loser,691,301,898,551
P3_G3_5.png,1280,960,pinky,619,336,770,540
P3_G4_5.png,1280,960,loser,505,271,721,511
